Co_1016,-2.202
Co_1041,-2.605
Co_1079,-1.971
Co_1136,-2.382
Co_1156,-1.686
Co_1182,-2.267
Co_1223,-2.368
Co_1255,-2.525
Co_1274,-2.548
Co_1307,-3.061
Co_1309,-2.320
Co_139,-2.672
Co_144,-2.067
Co_1490,-2.183
Co_1533,-2.045
Co_1566,-1.907
Co_157,-2.017
Co_1646,-2.333
Co_1657,-2.483
Co_1698,-2.153
Co_1704,-2.543
Co_1710,-2.557
Co_1827,-1.962
Co_1872,-2.557
Co_200,-2.196
Co_2156,-2.226
Co_2170,-2.141
Co_2203,-2.354
Co_2210,-2.396
Co_2273,-2.091
Co_2279,-2.325
Co_2291,-2.214
Co_241,-2.570
Co_2443,-2.517
Co_2461,-2.249
Co_2497,-2.418
Co_2581,-2.323
Co_265,-1.942
Co_268,-2.608
Co_2691,-1.817
Co_2698,-2.263
Co_2718,-2.456
Co_2731,-2.585
Co_2739,-1.849
Co_2755,-2.475
Co_2762,-2.455
Co_2779,-2.706
Co_281,-2.266
Co_2844,-2.397
Co_2933,-2.130
Co_3008,-2.439
Co_302,-2.141
Co_3065,-2.635
Co_318,-2.192
Co_3267,-2.443
Co_3278,-1.715
Co_331,-2.105
Co_3348,-2.049
Co_3423,-2.615
Co_345,-2.108
Co_3542,-2.267
Co_3588,-2.621
Co_3623,-2.316
Co_3748,-1.732
Co_3863,-2.368
Co_3955,-2.604
Co_3961,-2.457
Co_4076,-1.836
Co_4104,-2.284
Co_4123,-1.872
Co_4149,-2.398
Co_4153,-2.184
Co_41,-2.270
Co_4225,-1.969
Co_4330,-2.493
Co_4344,-2.149
Co_4506,-2.472
Co_4511,-1.943
Co_4542,-2.417
Co_4606,-1.733
Co_4681,-2.134
Co_4696,-2.557
Co_4771,-2.375
Co_4787,-2.426
Co_4800,-2.805
Co_4809,-2.158
Co_4975,-2.599
Co_5008,-2.155
Co_5093,-2.214
Co_5117,-2.298
Co_5204,-2.488
Co_5277,-2.452
Co_5322,-2.536
Co_5364,-3.031
Co_5368,-2.460
Co_5402,-1.754
Co_5409,-1.617
Co_5420,-2.056
Co_5534,-2.756
Co_5553,-1.950
Co_5564,-2.429
Co_5581,-2.670
Co_5646,-2.247
Co_5662,-2.052
Co_5684,-2.410
Co_5689,-2.054
Co_5694,-2.313
Co_5702,-2.159
Co_5751,-2.460
Co_5831,-2.512
Co_5835,-1.798
Co_583,-2.180
Co_5887,-2.055
Co_5922,-2.253
Co_5967,-2.456
Co_6113,-2.637
Co_6168,-2.483
Co_6185,-2.210
Co_6286,-2.075
Co_6362,-2.177
Co_6387,-2.832
Co_6427,-1.964
Co_6433,-2.583
Co_6554,-2.294
Co_656,-1.727
Co_6570,-2.183
Co_6604,-2.269
Co_6774,-2.511
Co_6782,-2.152
Co_6795,-2.494
Co_6809,-2.190
Co_6846,-2.440
Co_7049,-2.069
Co_7185,-2.381
Co_7209,-1.870
Co_7222,-2.281
Co_7237,-2.344
Co_7354,-2.083
Co_7365,-2.599
Co_742,-2.277
Co_7443,-2.585
Co_7509,-2.625
Co_7595,-2.234
Co_7617,-2.718
Co_7661,-2.171
Co_7673,-2.421
Co_7677,-1.957
Co_7719,-2.611
Co_7740,-2.404
Co_774,-2.758
Co_7768,-2.136
Co_7863,-1.818
Co_7942,-2.405
Co_797,-2.394
Co_7989,-2.110
Co_8034,-1.948
Co_8087,-2.101
Co_8097,-2.571
Co_8241,-2.584
Co_8310,-2.512
Co_8315,-2.477
Co_8331,-2.144
Co_8479,-2.785
Co_8484,-2.023
Co_8501,-2.376
Co_851,-2.577
Co_8682,-2.328
Co_8717,-2.311
Co_8841,-2.584
Co_8842,-2.202
Co_8847,-1.906
Co_8914,-2.487
Co_8915,-2.371
Co_8931,-2.015
Co_8970,-2.016
Co_897,-2.175
Co_8986,-2.351
Co_89,-2.366
Co_9029,-2.115
Co_9139,-2.376
Co_9140,-2.082
Co_9149,-2.539
Co_916,-2.134
Co_9227,-2.520
Co_9256,-2.859
Co_9320,-2.164
Co_9394,-2.413
Co_9414,-2.252
Co_9436,-2.586
Co_9438,-2.817
Co_9633,-2.343
Co_966,-2.520
Co_9679,-2.405
Co_970,-2.391
Co_9796,-2.550
Co_9797,-2.555
Co_9882,-2.360
Co_9902,-2.585
Co_9913,-2.469
Co_9967,-2.033
Cr_106,-3.408
Cr_1098,-2.994
Cr_1130,-2.897
Cr_1163,-3.106
Cr_1287,-2.777
Cr_1337,-3.031
Cr_1475,-2.897
Cr_1481,-2.665
Cr_1505,-2.781
Cr_1548,-2.586
Cr_1597,-3.075
Cr_159,-2.795
Cr_15,-2.425
Cr_1612,-2.827
Cr_1618,-2.903
Cr_1774,-2.818
Cr_1802,-3.054
Cr_188,-2.934
Cr_1897,-3.034
Cr_1983,-2.558
Cr_2007,-3.043
Cr_2202,-2.756
Cr_2203,-3.058
Cr_2209,-2.876
Cr_2218,-2.444
Cr_2274,-2.602
Cr_2290,-2.507
Cr_232,-2.268
Cr_242,-2.252
Cr_2503,-3.204
Cr_2532,-2.491
Cr_2546,-1.780
Cr_2587,-2.837
Cr_2606,-3.072
Cr_2627,-2.124
Cr_2636,-2.992
Cr_264,-2.893
Cr_2658,-3.031
Cr_2709,-2.647
Cr_2767,-2.223
Cr_2778,-2.936
Cr_2783,-2.859
Cr_278,-2.129
Cr_2848,-3.023
Cr_2994,-3.237
Cr_3010,-2.767
Cr_3025,-2.360
Cr_312,-2.288
Cr_3144,-3.059
Cr_3222,-3.115
Cr_3282,-2.881
Cr_3288,-2.260
Cr_3304,-2.959
Cr_3448,-2.644
Cr_3469,-2.275
Cr_3536,-3.130
Cr_3545,-2.299
Cr_3573,-3.033
Cr_3586,-2.652
Cr_3587,-2.342
Cr_3671,-2.946
Cr_37,-3.039
Cr_3823,-2.801
Cr_3857,-2.855
Cr_3860,-2.524
Cr_3992,-3.183
Cr_402,-2.679
Cr_4042,-3.096
Cr_4084,-3.071
Cr_4153,-3.093
Cr_4223,-2.847
Cr_426,-3.226
Cr_4453,-3.041
Cr_4472,-2.462
Cr_4529,-3.170
Cr_4585,-2.456
Cr_4679,-2.935
Cr_4687,-2.578
Cr_4701,-2.589
Cr_472,-2.878
Cr_4800,-2.597
Cr_4804,-3.010
Cr_4826,-2.779
Cr_4850,-2.661
Cr_4872,-2.591
Cr_496,-2.568
Cr_5027,-1.988
Cr_5051,-3.028
Cr_5170,-2.752
Cr_5188,-3.079
Cr_5211,-2.745
Cr_5258,-3.086
Cr_5287,-3.026
Cr_5318,-2.280
Cr_5325,-2.666
Cr_5334,-2.662
Cr_536,-2.684
Cr_5374,-3.004
Cr_5382,-2.465
Cr_5491,-3.260
Cr_5522,-2.967
Cr_5526,-2.217
Cr_559,-2.884
Cr_5715,-2.896
Cr_5720,-2.938
Cr_5785,-2.209
Cr_5828,-2.736
Cr_5840,-3.046
Cr_6019,-3.238
Cr_6037,-2.780
Cr_604,-2.603
Cr_6165,-2.976
Cr_6175,-2.990
Cr_6252,-2.773
Cr_6264,-3.480
Cr_6287,-2.792
Cr_632,-2.915
Cr_6454,-2.741
Cr_6477,-2.899
Cr_6519,-2.817
Cr_6529,-2.454
Cr_652,-1.836
Cr_6562,-2.518
Cr_6576,-2.946
Cr_6599,-2.687
Cr_6632,-2.948
Cr_6680,-3.069
Cr_6690,-3.093
Cr_6789,-2.567
Cr_678,-2.838
Cr_6828,-3.034
Cr_6837,-2.300
Cr_6887,-3.250
Cr_68,-2.598
Cr_7011,-2.875
Cr_7116,-2.721
Cr_7154,-2.896
Cr_7209,-3.000
Cr_7237,-3.110
Cr_7304,-3.210
Cr_7308,-2.801
Cr_7403,-3.233
Cr_7442,-2.937
Cr_7452,-2.938
Cr_7509,-2.772
Cr_7515,-3.087
Cr_7610,-2.749
Cr_7639,-2.344
Cr_7679,-2.398
Cr_7749,-2.536
Cr_7764,-2.954
Cr_7817,-2.729
Cr_7873,-2.759
Cr_7889,-3.077
Cr_7919,-2.640
Cr_7964,-2.258
Cr_7987,-3.250
Cr_8023,-2.712
Cr_8028,-2.826
Cr_8035,-3.054
Cr_8104,-2.552
Cr_8118,-3.149
Cr_8119,-2.784
Cr_812,-2.535
Cr_8134,-2.349
Cr_8144,-2.801
Cr_8214,-2.326
Cr_8323,-3.099
Cr_8413,-3.170
Cr_8452,-2.409
Cr_8654,-3.175
Cr_8700,-3.059
Cr_8738,-3.013
Cr_8757,-2.602
Cr_8758,-2.664
Cr_8788,-2.691
Cr_8853,-2.615
Cr_8941,-2.619
Cr_9037,-2.451
Cr_9039,-2.113
Cr_9077,-2.500
Cr_9190,-2.390
Cr_9193,-2.706
Cr_924,-2.501
Cr_9253,-2.627
Cr_9297,-2.443
Cr_9318,-2.810
Cr_9356,-3.016
Cr_9405,-1.970
Cr_9418,-2.976
Cr_9470,-2.443
Cr_948,-2.630
Cr_9589,-2.348
Cr_958,-3.035
Cr_9669,-3.179
Cr_9670,-3.348
Cr_9802,-2.408
Cr_9852,-3.295
Cr_9885,-2.170
Cr_9987,-2.866
Cu_1006,-1.335
Cu_100,-2.239
Cu_1022,-1.897
Cu_1023,-1.234
Cu_1079,-1.132
Cu_1082,-2.723
Cu_1204,-2.730
Cu_1458,-1.657
Cu_1528,-1.626
Cu_1595,-1.037
Cu_1618,-1.378
Cu_171,-2.280
Cu_1721,-1.178
Cu_1757,-1.849
Cu_1793,-.870
Cu_1839,-2.037
Cu_189,-2.426
Cu_1905,-2.576
Cu_1948,-1.706
Cu_2006,-1.364
Cu_2014,-1.937
Cu_2115,-2.662
Cu_2167,-2.466
Cu_2247,-1.946
Cu_227,-1.963
Cu_2320,-1.495
Cu_2371,-2.301
Cu_2378,-2.242
Cu_2406,-1.611
Cu_2422,-1.979
Cu_2433,-1.534
Cu_2515,-2.020
Cu_2562,-.855
Cu_2595,-2.704
Cu_2640,-1.500
Cu_2681,-2.153
Cu_2796,-1.721
Cu_2837,-1.161
Cu_287,-1.644
Cu_2921,-2.315
Cu_2943,-3.118
Cu_2947,-2.952
Cu_294,-2.218
Cu_2959,-1.827
Cu_3014,-1.694
Cu_3015,-2.114
Cu_3191,-1.108
Cu_3212,-.976
Cu_3307,-1.562
Cu_3362,-2.201
Cu_336,-1.213
Cu_3384,-1.580
Cu_3395,-1.564
Cu_3447,-1.754
Cu_3508,-1.811
Cu_3621,-1.832
Cu_3632,-2.982
Cu_376,-.716
Cu_3791,-2.210
Cu_3818,-2.006
Cu_3828,-2.365
Cu_3881,-2.160
Cu_3945,-2.100
Cu_415,-1.692
Cu_420,-1.658
Cu_4246,-1.912
Cu_4273,-1.374
Cu_4322,-2.526
Cu_4454,-2.102
Cu_4484,-1.686
Cu_4486,-1.625
Cu_4494,-2.082
Cu_4496,-1.754
Cu_4520,-1.329
Cu_4531,-2.215
Cu_4573,-2.176
Cu_4597,-1.505
Cu_4603,-1.277
Cu_4663,-2.676
Cu_4768,-2.079
Cu_4827,-2.122
Cu_4836,-.991
Cu_4860,-2.771
Cu_4875,-1.620
Cu_4922,-1.691
Cu_4974,-1.515
Cu_5064,-1.716
Cu_5096,-2.004
Cu_5191,-1.968
Cu_521,-2.231
Cu_5264,-1.844
Cu_528,-.860
Cu_530,-1.207
Cu_5370,-1.046
Cu_5372,-1.621
Cu_5429,-2.109
Cu_5481,-1.751
Cu_5485,-1.737
Cu_5514,-1.743
Cu_5539,-2.334
Cu_5585,-1.999
Cu_5594,-1.905
Cu_5645,-2.774
Cu_5655,-1.883
Cu_5663,-1.860
Cu_5787,-1.764
Cu_5806,-1.738
Cu_5844,-2.351
Cu_5892,-.967
Cu_5924,-1.831
Cu_6001,-1.729
Cu_604,-1.725
Cu_6057,-1.820
Cu_6080,-1.694
Cu_6092,-1.838
Cu_6116,-1.029
Cu_6245,-2.597
Cu_6295,-1.007
Cu_6347,-1.655
Cu_6382,-2.067
Cu_6606,-1.590
Cu_6617,-2.162
Cu_6626,-2.169
Cu_6830,-1.709
Cu_6865,-1.008
Cu_6884,-1.294
Cu_689,-1.552
Cu_6977,-1.797
Cu_7027,-.798
Cu_7111,-2.565
Cu_7125,-1.848
Cu_7151,-1.314
Cu_7335,-2.332
Cu_7388,-1.845
Cu_7392,-2.493
Cu_7407,-2.543
Cu_7411,-2.349
Cu_7427,-.988
Cu_7473,-1.285
Cu_7482,-2.068
Cu_7505,-1.605
Cu_7520,-1.593
Cu_7592,-1.689
Cu_7655,-2.092
Cu_7724,-2.429
Cu_7755,-1.704
Cu_778,-1.743
Cu_7829,-1.455
Cu_785,-2.123
Cu_7898,-1.950
Cu_7908,-1.850
Cu_8029,-2.368
Cu_8070,-1.062
Cu_8119,-1.478
Cu_8149,-1.026
Cu_8260,-2.350
Cu_8283,-1.900
Cu_8296,-1.799
Cu_8309,-1.559
Cu_8415,-2.032
Cu_8437,-2.489
Cu_8485,-1.793
Cu_8535,-2.042
Cu_8575,-2.608
Cu_862,-1.855
Cu_864,-1.895
Cu_8669,-1.589
Cu_8759,-2.733
Cu_876,-1.609
Cu_8795,-2.126
Cu_8816,-1.420
Cu_8822,-2.688
Cu_8853,-1.710
Cu_8964,-1.718
Cu_896,-1.750
Cu_9033,-2.113
Cu_904,-1.458
Cu_913,-1.545
Cu_9178,-1.057
Cu_9191,-1.605
Cu_9212,-1.472
Cu_926,-1.598
Cu_9278,-2.460
Cu_9325,-1.463
Cu_9419,-1.226
Cu_9425,-.979
Cu_9522,-1.809
Cu_9563,-2.277
Cu_9622,-2.241
Cu_9662,-1.741
Cu_9695,-1.950
Cu_9699,-2.957
Cu_9709,-1.243
Cu_9776,-1.584
Cu_9785,-1.889
Cu_9802,-1.610
Cu_9815,-1.793
Cu_9884,-1.556
Cu_9984,-1.445
Fe_1099,-2.293
Fe_1177,-2.346
Fe_1272,-2.294
Fe_1298,-2.551
Fe_1304,-2.511
Fe_1310,-2.327
Fe_1450,-2.138
Fe_1507,-1.918
Fe_1530,-3.037
Fe_1539,-2.356
Fe_1555,-2.056
Fe_156,-2.760
Fe_1672,-2.577
Fe_1713,-2.326
Fe_1743,-2.035
Fe_183,-2.710
Fe_188,-2.645
Fe_1894,-2.696
Fe_1900,-2.475
Fe_1960,-2.302
Fe_2021,-2.345
Fe_2022,-2.139
Fe_2062,-2.098
Fe_2085,-2.666
Fe_2158,-2.284
Fe_2169,-2.616
Fe_2188,-2.591
Fe_2274,-2.584
Fe_2286,-1.644
Fe_2314,-2.140
Fe_2420,-2.267
Fe_2562,-2.445
Fe_2653,-2.338
Fe_2674,-1.635
Fe_2723,-2.861
Fe_2804,-2.584
Fe_2806,-2.379
Fe_2810,-2.009
Fe_2855,-2.027
Fe_2874,-2.567
Fe_2879,-2.369
Fe_2894,-2.539
Fe_2923,-2.113
Fe_296,-2.251
Fe_3002,-1.963
Fe_3013,-2.881
Fe_3018,-2.083
Fe_3083,-2.957
Fe_3089,-2.442
Fe_3104,-2.075
Fe_3141,-2.432
Fe_3185,-2.828
Fe_3204,-2.541
Fe_3222,-1.945
Fe_3292,-2.332
Fe_3298,-2.566
Fe_3357,-1.989
Fe_3386,-2.314
Fe_3389,-2.575
Fe_343,-1.931
Fe_3465,-2.291
Fe_3466,-2.635
Fe_3524,-2.604
Fe_3558,-2.379
Fe_3684,-2.461
Fe_3725,-2.204
Fe_3800,-2.335
Fe_3859,-2.455
Fe_3862,-2.648
Fe_387,-2.470
Fe_4046,-1.795
Fe_4085,-2.483
Fe_40,-2.209
Fe_4138,-2.731
Fe_4147,-2.421
Fe_4166,-2.607
Fe_4173,-2.478
Fe_4197,-2.465
Fe_4224,-1.953
Fe_4226,-1.582
Fe_4255,-2.747
Fe_4348,-1.918
Fe_4369,-2.042
Fe_4376,-2.653
Fe_4453,-2.193
Fe_4479,-2.225
Fe_4486,-2.006
Fe_4745,-2.932
Fe_4791,-2.498
Fe_4805,-2.663
Fe_4848,-2.705
Fe_4857,-2.478
Fe_4874,-2.246
Fe_4969,-2.411
Fe_5006,-2.065
Fe_5092,-2.206
Fe_5119,-2.528
Fe_5141,-2.383
Fe_5234,-2.688
Fe_5237,-2.577
Fe_5303,-2.452
Fe_5361,-2.608
Fe_5413,-2.856
Fe_5442,-2.587
Fe_5495,-2.337
Fe_5515,-2.202
Fe_5538,-2.181
Fe_5562,-2.190
Fe_5572,-2.270
Fe_5608,-2.320
Fe_564,-1.973
Fe_5657,-2.690
Fe_5665,-2.409
Fe_5687,-1.750
Fe_5751,-2.440
Fe_5769,-2.125
Fe_5812,-2.525
Fe_5906,-2.670
Fe_5907,-2.439
Fe_5942,-2.373
Fe_5958,-2.104
Fe_6012,-2.394
Fe_6067,-2.100
Fe_606,-2.320
Fe_6102,-2.115
Fe_6121,-2.595
Fe_6200,-2.309
Fe_6300,-2.588
Fe_6333,-2.475
Fe_6397,-2.463
Fe_6458,-2.316
Fe_647,-2.545
Fe_6604,-2.253
Fe_6635,-2.879
Fe_6664,-1.665
Fe_6672,-2.907
Fe_676,-2.406
Fe_6835,-2.370
Fe_6890,-2.273
Fe_6978,-2.165
Fe_698,-2.415
Fe_70,-2.576
Fe_7158,-2.263
Fe_718,-1.699
Fe_7202,-1.871
Fe_7230,-2.126
Fe_7297,-2.499
Fe_7321,-2.185
Fe_7346,-2.485
Fe_740,-2.449
Fe_7479,-2.331
Fe_7499,-2.292
Fe_7552,-2.495
Fe_7598,-1.721
Fe_7673,-2.255
Fe_7766,-2.385
Fe_77,-2.457
Fe_7830,-2.200
Fe_784,-1.974
Fe_7893,-2.015
Fe_7935,-2.043
Fe_7951,-1.556
Fe_7972,-3.225
Fe_8010,-2.418
Fe_8095,-2.825
Fe_812,-2.835
Fe_8168,-1.990
Fe_8179,-2.199
Fe_8290,-2.645
Fe_8493,-2.392
Fe_8621,-2.631
Fe_8624,-2.323
Fe_8643,-2.357
Fe_8654,-2.915
Fe_8730,-2.493
Fe_8747,-2.271
Fe_8799,-2.463
Fe_8811,-2.312
Fe_8823,-2.032
Fe_8885,-2.141
Fe_8916,-2.388
Fe_8987,-2.514
Fe_9014,-2.433
Fe_9103,-2.279
Fe_9136,-2.177
Fe_9194,-2.323
Fe_9202,-2.487
Fe_9272,-2.304
Fe_927,-2.254
Fe_9284,-2.200
Fe_9302,-2.275
Fe_9337,-2.635
Fe_9361,-1.928
Fe_9451,-2.684
Fe_9602,-1.492
Fe_9606,-2.645
Fe_9612,-1.979
Fe_9749,-.653
Fe_9849,-2.364
Fe_9871,-2.657
Mg_1018,-3.544
Mg_1043,-2.366
Mg_1148,-2.241
Mg_1170,-1.062
Mg_1214,-2.199
Mg_1220,-2.292
Mg_1428,-2.192
Mg_1503,-2.186
Mg_1510,-2.433
Mg_158,-2.671
Mg_164,-1.837
Mg_1666,-1.897
Mg_1769,-3.002
Mg_177,-2.363
Mg_1801,-2.595
Mg_1802,-2.463
Mg_185,-2.029
Mg_1873,-2.092
Mg_1904,-2.336
Mg_1962,-1.711
Mg_2003,-2.845
Mg_2055,-1.907
Mg_2071,-2.648
Mg_2121,-2.637
Mg_2200,-1.567
Mg_2219,-2.100
Mg_2269,-2.724
Mg_2296,-1.907
Mg_2322,-2.852
Mg_2427,-2.115
Mg_2665,-2.715
Mg_2705,-2.856
Mg_276,-2.130
Mg_2804,-2.144
Mg_2828,-2.225
Mg_2845,-1.834
Mg_2904,-1.858
Mg_2948,-2.079
Mg_3014,-1.743
Mg_3023,-1.819
Mg_3047,-2.584
Mg_3181,-2.237
Mg_3292,-1.440
Mg_3329,-1.382
Mg_3370,-2.584
Mg_3490,-1.551
Mg_352,-2.946
Mg_3567,-2.748
Mg_3616,-1.862
Mg_3622,-2.648
Mg_365,-1.617
Mg_3669,-2.020
Mg_3765,-1.646
Mg_3793,-2.769
Mg_3810,-2.338
Mg_3853,-2.691
Mg_3867,-2.337
Mg_3881,-2.503
Mg_3913,-1.392
Mg_4046,-2.096
Mg_4058,-2.001
Mg_4170,-2.335
Mg_4193,-1.736
Mg_4352,-3.034
Mg_4392,-2.589
Mg_4407,-4.774
Mg_4554,-2.762
Mg_4624,-2.717
Mg_4631,-1.141
Mg_4703,-2.100
Mg_4737,-2.325
Mg_4771,-1.904
Mg_4788,-2.993
Mg_4792,-2.369
Mg_4888,-2.661
Mg_4924,-2.405
Mg_5006,-2.533
Mg_5056,-2.596
Mg_5084,-1.964
Mg_5092,-2.207
Mg_5120,-2.530
Mg_5153,-2.152
Mg_5158,-2.684
Mg_5160,-2.616
Mg_5185,-2.121
Mg_5213,-2.296
Mg_5273,-2.616
Mg_5314,-2.181
Mg_5343,-2.893
Mg_5354,-.708
Mg_5374,-2.058
Mg_5409,-1.842
Mg_5483,-2.129
Mg_5499,-2.378
Mg_5539,-1.079
Mg_5554,-2.554
Mg_557,-2.784
Mg_5594,-2.678
Mg_5620,-1.822
Mg_5633,-1.226
Mg_5666,-2.104
Mg_5700,-1.707
Mg_5705,-2.233
Mg_5716,-2.887
Mg_5767,-2.012
Mg_5830,-2.020
Mg_5848,-2.481
Mg_5907,-2.335
Mg_590,-2.209
Mg_5921,-1.856
Mg_5935,-2.404
Mg_597,-2.000
Mg_6038,-3.037
Mg_615,-2.201
Mg_6189,-2.806
Mg_6191,-2.062
Mg_6219,-2.010
Mg_6267,-1.072
Mg_6298,-1.297
Mg_6316,-2.070
Mg_6336,-1.832
Mg_6361,-2.090
Mg_6371,-2.322
Mg_6410,-2.268
Mg_648,-1.817
Mg_6502,-1.651
Mg_6510,-2.163
Mg_6567,-1.853
Mg_6576,-1.979
Mg_6731,-1.897
Mg_6742,-2.580
Mg_6897,-2.131
Mg_6913,-1.854
Mg_695,-3.251
Mg_6962,-2.353
Mg_707,-2.559
Mg_7202,-1.526
Mg_7247,-2.055
Mg_7258,-2.790
Mg_7276,-2.847
Mg_7284,-2.737
Mg_7297,-1.888
Mg_7356,-2.659
Mg_7399,-.931
Mg_7450,-1.119
Mg_7511,-2.047
Mg_7579,-2.613
Mg_7652,-2.189
Mg_7811,-1.939
Mg_7848,-2.257
Mg_7916,-2.607
Mg_791,-1.343
Mg_7963,-2.470
Mg_8013,-2.545
Mg_8051,-1.227
Mg_8195,-2.109
Mg_8208,-2.330
Mg_8270,-2.630
Mg_8344,-2.809
Mg_8360,-2.820
Mg_8384,-1.943
Mg_8428,-2.237
Mg_8429,-2.977
Mg_8530,-2.374
Mg_8558,-2.537
Mg_8560,-2.367
Mg_8624,-2.529
Mg_8629,-1.984
Mg_8655,-2.304
Mg_8698,-2.912
Mg_8729,-1.613
Mg_8759,-2.578
Mg_8811,-2.216
Mg_8839,-1.255
Mg_8878,-1.918
Mg_8889,-2.219
Mg_8902,-2.642
Mg_8922,-2.240
Mg_8942,-2.133
Mg_8943,-2.174
Mg_904,-2.664
Mg_9068,-2.838
Mg_9105,-1.835
Mg_9117,-2.157
Mg_9167,-2.825
Mg_9196,-2.628
Mg_9209,-1.353
Mg_9228,-2.348
Mg_9229,-2.105
Mg_9246,-1.768
Mg_9284,-2.327
Mg_933,-1.466
Mg_9345,-2.849
Mg_9423,-2.969
Mg_9487,-2.258
Mg_9552,-1.956
Mg_9564,-3.023
Mg_9726,-2.500
Mg_9830,-2.598
Mg_9918,-2.372
Mn_1048,-2.764
Mn_104,-2.475
Mn_1053,-2.239
Mn_1082,-2.883
Mn_1084,-2.610
Mn_1117,-2.551
Mn_1141,-2.386
Mn_1167,-2.429
Mn_1171,-2.637
Mn_1302,-2.183
Mn_1317,-2.735
Mn_1336,-2.622
Mn_1351,-2.621
Mn_1460,-2.353
Mn_1486,-1.953
Mn_1527,-2.414
Mn_1576,-2.531
Mn_1588,-2.305
Mn_1624,-2.192
Mn_1662,-2.291
Mn_1673,-2.458
Mn_1674,-2.710
Mn_1682,-2.104
Mn_1691,-2.214
Mn_1701,-2.443
Mn_1735,-2.484
Mn_1767,-2.472
Mn_176,-2.697
Mn_1841,-2.314
Mn_1890,-2.501
Mn_1909,-2.483
Mn_1958,-2.713
Mn_2055,-2.351
Mn_2077,-2.386
Mn_2084,-2.606
Mn_2102,-2.338
Mn_2234,-2.228
Mn_2302,-3.161
Mn_2345,-2.396
Mn_236,-2.357
Mn_2411,-2.723
Mn_2479,-2.653
Mn_2577,-2.615
Mn_2589,-2.967
Mn_2595,-2.604
Mn_261,-2.438
Mn_2705,-1.710
Mn_2708,-2.304
Mn_2730,-2.453
Mn_276,-2.981
Mn_2809,-2.269
Mn_294,-2.869
Mn_2984,-2.681
Mn_3002,-2.756
Mn_3061,-2.299
Mn_3111,-2.723
Mn_3151,-2.684
Mn_3169,-2.140
Mn_3184,-2.510
Mn_3350,-2.727
Mn_3418,-2.972
Mn_3428,-2.691
Mn_3470,-2.578
Mn_3476,-2.653
Mn_3507,-2.495
Mn_3520,-2.707
Mn_3547,-2.467
Mn_3551,-2.433
Mn_3625,-2.537
Mn_3793,-2.232
Mn_3842,-2.380
Mn_3861,-2.298
Mn_4106,-.112
Mn_4141,-2.565
Mn_4145,-2.383
Mn_4169,-2.703
Mn_4198,-2.767
Mn_4257,-2.567
Mn_4284,-2.287
Mn_4294,-2.270
Mn_4344,-2.492
Mn_4346,-2.687
Mn_4442,-2.571
Mn_4482,-2.313
Mn_44,-2.436
Mn_4505,-2.460
Mn_4570,-2.557
Mn_4600,-2.348
Mn_4649,-2.470
Mn_4742,-2.560
Mn_4883,-2.442
Mn_489,-2.232
Mn_4903,-2.893
Mn_4917,-2.505
Mn_5062,-2.469
Mn_5065,-2.736
Mn_515,-2.513
Mn_5188,-2.797
Mn_5215,-2.926
Mn_5269,-2.588
Mn_5282,-2.461
Mn_5295,-2.507
Mn_5353,-2.498
Mn_5382,-2.506
Mn_5393,-2.536
Mn_5453,-2.601
Mn_5656,-2.621
Mn_5660,-2.675
Mn_5706,-2.450
Mn_5803,-2.358
Mn_596,-2.733
Mn_6040,-2.057
Mn_6054,-2.161
Mn_6071,-2.301
Mn_6089,-2.346
Mn_6138,-2.052
Mn_614,-2.306
Mn_6185,-1.976
Mn_6333,-2.163
Mn_6511,-2.500
Mn_6522,-2.256
Mn_6527,-2.192
Mn_6542,-2.573
Mn_6569,-2.407
Mn_6632,-2.797
Mn_663,-2.276
Mn_6711,-2.213
Mn_6732,-2.190
Mn_6759,-2.445
Mn_6764,-2.261
Mn_6786,-2.635
Mn_6915,-2.722
Mn_693,-2.901
Mn_6976,-2.644
Mn_7016,-2.716
Mn_7050,-2.792
Mn_7056,-2.555
Mn_705,-2.374
Mn_7078,-2.459
Mn_7127,-2.304
Mn_7158,-2.739
Mn_7166,-2.653
Mn_7179,-2.685
Mn_7184,-2.303
Mn_7235,-2.590
Mn_7304,-2.497
Mn_7347,-2.648
Mn_7375,-2.730
Mn_7446,-2.436
Mn_7482,-2.347
Mn_7584,-2.596
Mn_7693,-2.706
Mn_782,-2.779
Mn_7886,-2.752
Mn_7986,-2.486
Mn_8004,-2.526
Mn_803,-1.973
Mn_8085,-2.660
Mn_8110,-2.639
Mn_8155,-2.854
Mn_8197,-2.585
Mn_8198,-2.465
Mn_8204,-2.319
Mn_8217,-2.730
Mn_8255,-2.096
Mn_8284,-2.388
Mn_8461,-2.795
Mn_8485,-2.520
Mn_8498,-2.310
Mn_8548,-3.077
Mn_8586,-2.643
Mn_8636,-2.225
Mn_8654,-2.469
Mn_8796,-2.381
Mn_8841,-2.721
Mn_8954,-2.142
Mn_9034,-2.844
Mn_9040,-2.996
Mn_9088,-1.959
Mn_9105,-2.768
Mn_9216,-2.401
Mn_9285,-2.337
Mn_933,-2.573
Mn_9342,-2.716
Mn_9377,-2.543
Mn_9447,-2.853
Mn_9474,-2.463
Mn_9479,-2.378
Mn_9515,-1.684
Mn_9539,-2.814
Mn_9543,-2.514
Mn_9629,-2.219
Mn_9679,-2.684
Mn_970,-2.540
Mn_9818,-2.539
Mn_9834,-2.410
Mn_984,-2.569
Mn_9852,-2.637
Mn_9862,-2.280
Mn_9885,-2.642
Ni_1064,-2.060
Ni_1146,-2.054
Ni_1166,-1.521
Ni_1190,-1.848
Ni_1267,-2.021
Ni_129,-2.422
Ni_1302,-1.635
Ni_1340,-2.273
Ni_1385,-2.260
Ni_1452,-1.748
Ni_1469,-1.670
Ni_1471,-2.677
Ni_1474,-1.857
Ni_1583,-2.086
Ni_1663,-2.217
Ni_1729,-1.401
Ni_1746,-2.008
Ni_1784,-1.892
Ni_1892,-1.774
Ni_1954,-1.871
Ni_1968,-1.941
Ni_1972,-1.754
Ni_1,-2.391
Ni_2011,-2.024
Ni_2049,-1.952
Ni_2083,-1.853
Ni_2092,-2.154
Ni_2106,-2.087
Ni_2166,-2.089
Ni_2295,-2.093
Ni_2304,-1.661
Ni_2306,-1.893
Ni_2336,-1.551
Ni_2380,-2.200
Ni_2382,-2.023
Ni_2493,-1.963
Ni_2539,-1.757
Ni_2560,-2.196
Ni_2598,-2.476
Ni_2677,-1.864
Ni_2692,-1.811
Ni_2710,-2.001
Ni_2765,-1.404
Ni_2806,-1.972
Ni_2819,-2.148
Ni_2929,-1.850
Ni_2948,-2.007
Ni_2999,-2.257
Ni_3000,-1.771
Ni_3008,-1.969
Ni_3016,-1.928
Ni_3075,-2.343
Ni_3194,-2.191
Ni_325,-2.516
Ni_3311,-1.646
Ni_3348,-1.519
Ni_3444,-1.551
Ni_3471,-1.696
Ni_3551,-2.338
Ni_3629,-2.160
Ni_3631,-2.164
Ni_3641,-2.259
Ni_3649,-2.283
Ni_3785,-1.849
Ni_3827,-2.028
Ni_3900,-1.990
Ni_3957,-1.693
Ni_4008,-2.645
Ni_4105,-2.139
Ni_4227,-1.744
Ni_4242,-2.106
Ni_4324,-1.352
Ni_4376,-2.346
Ni_438,-1.461
Ni_4445,-2.001
Ni_4546,-1.578
Ni_4558,-1.498
Ni_4559,-1.508
Ni_4622,-1.881
Ni_4683,-2.202
Ni_471,-2.235
Ni_4732,-1.627
Ni_4747,-1.861
Ni_477,-2.067
Ni_4792,-2.181
Ni_4796,-2.260
Ni_4853,-1.844
Ni_4906,-1.574
Ni_4930,-2.261
Ni_4985,-2.030
Ni_5029,-1.550
Ni_5094,-1.750
Ni_5163,-1.187
Ni_5211,-1.948
Ni_5224,-2.207
Ni_5236,-2.069
Ni_5241,-1.779
Ni_5308,-1.936
Ni_5344,-1.739
Ni_5416,-2.089
Ni_5427,-2.293
Ni_5524,-.960
Ni_5527,-2.145
Ni_5598,-2.364
Ni_5646,-1.936
Ni_5707,-2.252
Ni_5761,-1.563
Ni_5818,-2.005
Ni_5868,-2.095
Ni_5980,-1.741
Ni_6015,-2.321
Ni_6069,-2.139
Ni_6137,-1.994
Ni_6175,-1.273
Ni_6222,-2.217
Ni_6255,-1.659
Ni_6334,-1.770
Ni_6385,-1.940
Ni_6438,-2.065
Ni_647,-2.155
Ni_649,-2.041
Ni_6523,-1.825
Ni_6545,-1.675
Ni_6576,-2.124
Ni_6678,-2.002
Ni_6684,-2.080
Ni_6690,-2.129
Ni_6710,-1.721
Ni_6711,-1.745
Ni_6740,-1.873
Ni_6751,-2.385
Ni_6829,-1.732
Ni_6892,-1.490
Ni_7000,-1.620
Ni_706,-1.981
Ni_7073,-1.840
Ni_714,-2.270
Ni_7151,-2.340
Ni_7173,-2.027
Ni_7256,-2.031
Ni_7349,-1.769
Ni_73,-1.542
Ni_7544,-2.071
Ni_7580,-1.619
Ni_7595,-2.314
Ni_7598,-1.981
Ni_7614,-2.469
Ni_7654,-2.473
Ni_7669,-2.400
Ni_7790,-2.197
Ni_7824,-1.716
Ni_7904,-2.748
Ni_7947,-1.799
Ni_7958,-1.550
Ni_7973,-1.747
Ni_8019,-2.164
Ni_8051,-2.431
Ni_8097,-1.928
Ni_8125,-2.141
Ni_821,-2.475
Ni_8323,-2.371
Ni_8349,-2.114
Ni_8430,-1.845
Ni_8454,-2.224
Ni_8475,-2.252
Ni_8497,-2.120
Ni_8545,-1.628
Ni_8563,-2.250
Ni_8669,-1.669
Ni_867,-1.373
Ni_8692,-1.212
Ni_8713,-1.866
Ni_8771,-2.034
Ni_8830,-1.953
Ni_8853,-1.841
Ni_8902,-1.839
Ni_8929,-2.306
Ni_8935,-2.266
Ni_8975,-1.799
Ni_9065,-2.366
Ni_9123,-1.945
Ni_9148,-2.531
Ni_9151,-1.948
Ni_9230,-2.237
Ni_9251,-2.197
Ni_9286,-1.905
Ni_9364,-2.312
Ni_9381,-1.881
Ni_9400,-2.284
Ni_9486,-1.752
Ni_9495,-2.206
Ni_9606,-1.339
Ni_9633,-2.116
Ni_9640,-2.178
Ni_9704,-1.890
Ni_9706,-2.012
Ni_9760,-1.890
Ni_9815,-2.277
Ni_9904,-2.181
Ni_991,-1.757
Ti_1042,-2.877
Ti_1050,-1.579
Ti_1114,-2.428
Ti_1119,-2.850
Ti_113,-2.039
Ti_1187,-3.306
Ti_1253,-2.454
Ti_1432,-3.072
Ti_1466,-2.508
Ti_156,-2.597
Ti_159,-2.605
Ti_184,-3.140
Ti_185,-2.907
Ti_1869,-3.730
Ti_1872,-3.350
Ti_1891,-2.416
Ti_1920,-3.002
Ti_1949,-3.086
Ti_2053,-3.318
Ti_2056,-2.980
Ti_2090,-2.025
Ti_2107,-2.931
Ti_2211,-3.197
Ti_2218,-1.635
Ti_2239,-3.075
Ti_2265,-2.846
Ti_2285,-2.721
Ti_2294,-3.178
Ti_2301,-2.799
Ti_2390,-1.906
Ti_2395,-3.131
Ti_2445,-2.753
Ti_245,-2.944
Ti_2498,-3.310
Ti_2589,-3.046
Ti_2677,-2.723
Ti_2773,-2.548
Ti_2792,-2.529
Ti_2860,-2.836
Ti_2925,-2.894
Ti_2926,-2.174
Ti_301,-3.213
Ti_3056,-2.285
Ti_3063,-2.970
Ti_3093,-2.410
Ti_3119,-2.925
Ti_3132,-3.186
Ti_3135,-2.730
Ti_3160,-2.481
Ti_3260,-2.095
Ti_3314,-3.300
Ti_3338,-2.517
Ti_3350,-3.117
Ti_3402,-3.254
Ti_342,-2.794
Ti_3486,-2.164
Ti_3541,-2.739
Ti_3567,-2.856
Ti_3612,-2.872
Ti_3644,-2.990
Ti_3663,-1.997
Ti_3669,-2.918
Ti_3689,-2.597
Ti_3735,-2.727
Ti_3865,-3.440
Ti_3945,-2.657
Ti_4005,-2.660
Ti_4020,-2.865
Ti_4076,-2.615
Ti_4179,-2.046
Ti_417,-3.241
Ti_42,-2.802
Ti_4506,-2.592
Ti_4523,-2.482
Ti_4531,-2.876
Ti_4667,-2.463
Ti_4753,-2.111
Ti_4775,-2.726
Ti_4859,-2.250
Ti_4899,-3.049
Ti_4959,-2.628
Ti_4968,-2.337
Ti_4983,-3.361
Ti_498,-3.527
Ti_5105,-2.939
Ti_5194,-2.835
Ti_5201,-2.484
Ti_5211,-3.168
Ti_5250,-3.116
Ti_5295,-3.002
Ti_52,-2.957
Ti_5343,-2.691
Ti_5477,-2.574
Ti_5571,-2.707
Ti_5578,-2.410
Ti_5593,-2.519
Ti_577,-3.264
Ti_5784,-2.778
Ti_5855,-2.755
Ti_5873,-2.729
Ti_5931,-2.876
Ti_5954,-2.801
Ti_6050,-2.297
Ti_6089,-1.985
Ti_6248,-2.871
Ti_6270,-2.946
Ti_6359,-2.527
Ti_6393,-2.781
Ti_63,-2.686
Ti_6429,-3.404
Ti_6448,-2.798
Ti_6474,-2.952
Ti_647,-2.089
Ti_6614,-2.941
Ti_664,-2.556
Ti_6697,-2.406
Ti_6725,-2.293
Ti_6728,-2.922
Ti_6781,-2.879
Ti_6860,-2.618
Ti_6867,-3.000
Ti_6877,-2.861
Ti_6930,-3.439
Ti_6947,-2.881
Ti_6978,-2.035
Ti_6994,-2.694
Ti_7012,-2.286
Ti_7030,-2.961
Ti_7061,-2.195
Ti_7063,-3.338
Ti_7116,-2.546
Ti_7118,-2.322
Ti_7139,-2.240
Ti_7188,-2.759
Ti_7203,-3.282
Ti_7263,-2.864
Ti_7299,-2.493
Ti_729,-2.926
Ti_7343,-2.871
Ti_7404,-2.361
Ti_7552,-3.022
Ti_755,-2.667
Ti_7636,-2.919
Ti_7648,-2.415
Ti_7650,-3.127
Ti_7735,-2.690
Ti_7871,-2.903
Ti_7937,-2.047
Ti_7940,-2.743
Ti_7950,-2.609
Ti_8041,-2.698
Ti_8075,-3.018
Ti_8082,-2.850
Ti_8104,-2.404
Ti_8222,-2.635
Ti_8236,-3.342
Ti_8258,-2.920
Ti_832,-2.288
Ti_8362,-2.836
Ti_8397,-2.813
Ti_8408,-2.008
Ti_8417,-2.897
Ti_8429,-2.803
Ti_8615,-2.340
Ti_8655,-3.328
Ti_8697,-2.659
Ti_8758,-2.969
Ti_8760,-2.692
Ti_8815,-3.204
Ti_8832,-1.560
Ti_8867,-2.668
Ti_8878,-2.798
Ti_8911,-1.837
Ti_8968,-3.057
Ti_9053,-2.995
Ti_9140,-2.898
Ti_9174,-3.008
Ti_9225,-2.927
Ti_9253,-2.618
Ti_9293,-2.978
Ti_9315,-2.677
Ti_939,-2.768
Ti_9409,-2.317
Ti_9442,-2.804
Ti_9491,-3.039
Ti_9508,-2.300
Ti_9517,-3.103
Ti_9544,-3.004
Ti_958,-2.882
Ti_9647,-2.894
Ti_9662,-2.464
Ti_969,-2.974
Ti_9744,-2.391
Ti_9803,-3.065
Ti_9832,-3.410
Ti_9921,-2.519
Ti_9928,-2.843
Ti_9946,-2.744
Ti_9965,-3.422
Ti_9977,-2.609
V_1150,-3.077
V_1225,-3.303
V_1274,-3.224
V_1297,-2.323
V_130,-3.077
V_1336,-2.008
V_1341,-2.462
V_1345,-2.786
V_1574,-2.273
V_1576,-2.491
V_1595,-2.774
V_1620,-2.708
V_1668,-2.729
V_1687,-2.979
V_1753,-2.977
V_1764,-2.604
V_1791,-2.939
V_1856,-2.940
V_1920,-2.138
V_1983,-2.909
V_1990,-3.433
V_1994,-2.485
V_1997,-2.757
V_2061,-2.284
V_2093,-2.492
V_2097,-2.708
V_209,-3.049
V_2492,-2.910
V_2704,-2.490
V_2785,-2.807
V_2791,-2.575
V_27,-2.962
V_2812,-3.517
V_2830,-3.168
V_2871,-3.245
V_2909,-2.598
V_2960,-2.178
V_2973,-2.022
V_2995,-2.622
V_3022,-2.378
V_3026,-2.583
V_3134,-1.872
V_3285,-3.383
V_3332,-2.395
V_3370,-2.602
V_3429,-1.926
V_3454,-3.172
V_3639,-2.876
V_3749,-2.419
V_3757,-2.472
V_3789,-3.094
V_3822,-2.571
V_3952,-2.568
V_3987,-3.069
V_4009,-3.023
V_4024,-3.202
V_4045,-2.928
V_4071,-3.394
V_4077,-2.435
V_4160,-2.992
V_4161,-2.882
V_41,-2.695
V_4207,-3.074
V_4225,-2.716
V_4270,-2.727
V_4298,-2.055
V_4299,-2.601
V_4318,-2.595
V_4399,-2.960
V_4407,-2.421
V_4426,-2.525
V_4428,-2.094
V_4434,-2.798
V_443,-1.868
V_4509,-2.868
V_457,-2.169
V_461,-2.859
V_4641,-2.746
V_4662,-2.128
V_4765,-2.891
V_4800,-3.015
V_4811,-3.058
V_4974,-2.773
V_4984,-3.393
V_5000,-3.184
V_5156,-2.084
V_51,-3.045
V_5238,-2.924
V_529,-1.961
V_5306,-2.372
V_5360,-2.074
V_5426,-3.455
V_5518,-2.424
V_5529,-2.302
V_5554,-3.056
V_5562,-2.957
V_5584,-3.051
V_5791,-2.551
V_5828,-2.769
V_5881,-2.808
V_5921,-2.587
V_5975,-2.666
V_5999,-2.512
V_6088,-3.476
V_6141,-2.403
V_6298,-2.471
V_6339,-2.772
V_6345,-2.726
V_6405,-1.956
V_6486,-2.507
V_6590,-2.706
V_6638,-2.987
V_6646,-2.320
V_6651,-3.121
V_6801,-3.182
V_6818,-2.826
V_6842,-3.032
V_6848,-2.846
V_6928,-2.738
V_6929,-2.397
V_6935,-2.831
V_693,-2.689
V_6966,-2.341
V_7050,-1.993
V_7266,-2.959
V_7338,-2.869
V_7339,-2.231
V_7433,-2.780
V_7452,-2.343
V_746,-2.164
V_7474,-3.368
V_7517,-2.885
V_755,-2.332
V_7686,-2.950
V_7702,-2.604
V_7746,-2.324
V_7763,-2.703
V_7783,-3.044
V_7827,-1.886
V_7872,-2.666
V_7881,-2.828
V_7888,-2.648
V_7908,-2.770
V_7956,-2.642
V_8046,-2.462
V_8055,-2.243
V_8107,-2.998
V_8162,-2.247
V_8166,-2.816
V_8186,-1.767
V_8202,-2.653
V_8218,-2.269
V_8245,-2.809
V_8264,-2.907
V_829,-2.497
V_830,-2.533
V_8332,-2.894
V_8340,-2.625
V_8356,-2.857
V_8358,-3.452
V_8381,-2.444
V_841,-2.568
V_8435,-3.142
V_8467,-2.588
V_8497,-3.167
V_8529,-2.509
V_8536,-2.084
V_8541,-2.624
V_8556,-1.816
V_8615,-3.074
V_8690,-2.311
V_8733,-2.904
V_8750,-2.992
V_8764,-2.684
V_8779,-2.764
V_8882,-2.565
V_8901,-2.557
V_890,-3.055
V_9006,-3.010
V_9090,-2.631
V_9132,-2.856
V_9138,-1.781
V_91,-3.219
V_9287,-2.741
V_929,-2.564
V_9436,-2.859
V_9448,-2.686
V_9470,-2.527
V_9526,-2.644
V_9633,-1.871
V_9648,-2.689
V_9734,-2.918
V_9800,-2.367
V_9854,-2.570
V_9867,-2.808
V_9910,-2.222
V_9968,-2.587
V_9989,-2.658
V_9,-2.842
Zn_1039,-2.976
Zn_1074,-2.999
Zn_1088,-1.884
Zn_1120,-2.900
Zn_1152,-2.197
Zn_117,-2.988
Zn_1186,-2.545
Zn_122,-1.689
Zn_1272,-2.021
Zn_1295,-2.524
Zn_1363,-2.002
Zn_1365,-2.715
Zn_1389,-2.283
Zn_1440,-1.955
Zn_1445,-1.909
Zn_1475,-1.952
Zn_152,-2.640
Zn_1605,-2.739
Zn_1636,-2.203
Zn_1693,-2.989
Zn_1721,-2.277
Zn_1785,-2.392
Zn_1833,-2.662
Zn_1883,-2.237
Zn_1922,-2.218
Zn_2027,-2.178
Zn_2165,-1.928
Zn_2229,-2.258
Zn_2240,-2.374
Zn_2252,-2.626
Zn_2333,-2.656
Zn_2413,-1.274
Zn_2491,-2.621
Zn_2502,-2.491
Zn_2516,-2.299
Zn_2552,-2.363
Zn_2689,-2.760
Zn_2704,-1.882
Zn_2834,-2.424
Zn_2849,-2.162
Zn_2887,-2.509
Zn_2913,-1.631
Zn_2981,-2.770
Zn_2996,-2.239
Zn_3065,-2.683
Zn_3100,-1.812
Zn_3135,-1.945
Zn_3238,-2.012
Zn_3347,-1.982
Zn_3384,-2.533
Zn_3467,-1.304
Zn_3470,-2.810
Zn_3542,-2.189
Zn_3556,-2.142
Zn_3558,-2.629
Zn_357,-2.840
Zn_3605,-2.422
Zn_3618,-2.432
Zn_3633,-2.664
Zn_3657,-2.435
Zn_3666,-2.207
Zn_3755,-1.889
Zn_3897,-2.490
Zn_3910,-2.776
Zn_3912,-.961
Zn_3933,-1.212
Zn_3943,-3.185
Zn_3945,-2.679
Zn_3948,-2.968
Zn_3955,-1.844
Zn_3,-2.579
Zn_4100,-2.607
Zn_4149,-2.529
Zn_422,-2.423
Zn_4302,-2.001
Zn_4406,-1.608
Zn_4477,-2.239
Zn_4513,-2.154
Zn_4552,-1.827
Zn_4555,-2.030
Zn_4600,-2.446
Zn_460,-2.278
Zn_4622,-2.175
Zn_4633,-1.428
Zn_4797,-1.119
Zn_4851,-2.655
Zn_4872,-2.377
Zn_4905,-1.976
Zn_5059,-1.996
Zn_5070,-2.435
Zn_5162,-2.724
Zn_5172,-2.264
Zn_5177,-2.118
Zn_5192,-2.401
Zn_5241,-1.572
Zn_5308,-2.357
Zn_5380,-1.931
Zn_5403,-2.054
Zn_5469,-2.917
Zn_5705,-2.481
Zn_5720,-2.203
Zn_578,-2.102
Zn_5814,-2.390
Zn_5836,-2.579
Zn_6056,-2.243
Zn_6139,-1.736
Zn_6176,-2.440
Zn_6359,-2.208
Zn_6398,-2.973
Zn_6404,-2.496
Zn_6425,-2.392
Zn_6486,-2.120
Zn_6502,-2.786
Zn_6581,-2.710
Zn_6650,-2.213
Zn_6660,-1.515
Zn_666,-2.211
Zn_6694,-2.829
Zn_6742,-1.525
Zn_6783,-2.165
Zn_6793,-2.530
Zn_6804,-1.183
Zn_6819,-2.217
Zn_6872,-2.332
Zn_687,-2.082
Zn_6890,-1.918
Zn_7047,-1.751
Zn_7089,-2.545
Zn_7130,-2.356
Zn_718,-2.269
Zn_7204,-2.879
Zn_7259,-2.310
Zn_7279,-2.647
Zn_7285,-3.154
Zn_7334,-2.066
Zn_7486,-2.480
Zn_7569,-1.948
Zn_7570,-2.082
Zn_7583,-2.696
Zn_7589,-2.071
Zn_7610,-2.737
Zn_7614,-2.297
Zn_7634,-2.663
Zn_7705,-1.837
Zn_7729,-2.122
Zn_7766,-1.183
Zn_7837,-3.012
Zn_7848,-2.146
Zn_7854,-3.329
Zn_7952,-2.626
Zn_8021,-1.870
Zn_8043,-2.397
Zn_8117,-1.643
Zn_8121,-2.499
Zn_812,-1.323
Zn_8144,-3.053
Zn_8174,-2.812
Zn_8191,-2.238
Zn_8198,-1.987
Zn_8218,-1.625
Zn_8241,-1.896
Zn_8267,-2.269
Zn_8287,-2.671
Zn_832,-2.275
Zn_839,-1.731
Zn_8402,-2.913
Zn_8403,-2.250
Zn_8592,-2.034
Zn_8674,-1.973
Zn_8726,-2.554
Zn_8728,-2.562
Zn_8846,-2.041
Zn_8967,-2.063
Zn_89,-2.216
Zn_9031,-2.217
Zn_9037,-1.496
Zn_9053,-2.239
Zn_9076,-2.800
Zn_912,-2.347
Zn_9151,-2.314
Zn_9166,-1.701
Zn_9172,-2.398
Zn_9183,-1.760
Zn_9245,-2.368
Zn_9302,-1.558
Zn_9345,-2.684
Zn_9521,-2.359
Zn_9529,-1.524
Zn_952,-2.352
Zn_9628,-1.894
Zn_9656,-2.470
Zn_9678,-2.326
Zn_9722,-2.608
Zn_9739,-1.589
Zn_974,-1.813
Zn_9786,-2.136
Zn_9897,-2.124
Zn_9933,-2.422
Zn_9982,-2.065
